training/actor/actor_loss,training/actor/bc_log_prob,training/actor/bc_loss,training/actor/mse,training/actor/q_abs_mean,training/actor/q_loss,training/actor/q_mean,training/actor/std,training/critic/critic_loss,training/critic/q_max,training/critic/q_mean,training/critic/q_min,training/grad/max,training/grad/min,training/grad/norm,training/value/v_max,training/value/v_mean,training/value/v_min,training/value/value_loss,validation/actor/actor_loss,validation/actor/bc_log_prob,validation/actor/bc_loss,validation/actor/mse,validation/actor/q_abs_mean,validation/actor/q_loss,validation/actor/q_mean,validation/actor/std,validation/critic/critic_loss,validation/critic/q_max,validation/critic/q_mean,validation/critic/q_min,validation/value/v_max,validation/value/v_mean,validation/value/v_min,validation/value/value_loss,time/epoch_time,time/total_time,step
1.6788762,-2.262921,0.67887634,0.42504403,16.400642,0.9999999,-16.400642,1.0,0.19134346,0.0,-13.595409,-22.389662,1.2819765,-1.6693861,37.249245,0.33070183,-12.9778805,-21.603792,0.017919015,1.6716723,-2.2389174,0.67167526,0.4010405,16.870089,0.9999971,-16.87004,1.0,0.13161343,0.0,-13.974508,-22.379505,0.3076963,-13.366312,-21.594055,0.014199748,0.004730053329467773,23.650270700454712,5000
1.6700552,-2.2335172,0.6700552,0.39564028,26.60482,0.9999999,-26.60482,1.0,0.20991114,0.0,-21.297802,-38.95014,1.7580303,-1.8142238,50.034653,0.33225343,-20.828613,-38.334538,0.032558076,1.6718187,-2.239396,0.67181885,0.4015192,26.530607,0.99999994,-26.530607,1.0,0.203417,0.0,-21.055346,-38.959496,0.20207192,-20.596458,-38.343597,0.037746973,0.003498912572860718,41.144835472106934,10000
1.6664395,-2.2214653,0.66643965,0.38358828,31.102402,0.99999994,-31.102402,1.0,0.116378084,0.0,-24.105694,-51.612423,0.6170101,-1.2189385,20.301786,0.30137575,-23.691584,-51.127964,0.047166653,1.6710112,-2.2367043,0.6710113,0.39882743,31.112446,0.99999994,-31.112446,1.0,0.22259554,0.0,-24.503439,-51.73259,0.2702031,-24.08745,-51.24745,0.04954031,0.003514439010620117,58.71703267097473,15000
1.6725081,-2.2416935,0.6725081,0.40381652,33.467197,1.0,-33.467197,1.0,0.81424665,0.0,-25.58893,-61.18251,4.187875,-28.079132,196.30142,0.33303154,-25.15421,-60.78699,0.10351751,1.6705179,-2.2350602,0.67051804,0.39718315,32.163475,0.99999994,-32.163475,1.0,1.1824076,0.0,-25.815212,-61.220646,0.49002334,-25.366108,-60.831223,0.091335416,0.003532004737854004,76.37705779075623,20000
1.6603234,-2.201078,0.6603233,0.36320066,33.654972,1.0,-33.654972,1.0,0.25424588,0.0,-26.883846,-67.79618,3.391881,-4.972196,71.34552,0.2892116,-26.499752,-67.46607,0.0650554,1.6713254,-2.2377515,0.67132545,0.39987442,32.838627,1.0,-32.838627,1.0,0.35194972,0.0,-25.151608,-67.535706,0.30069956,-24.765606,-67.20489,0.06959964,0.003537506008148193,94.06458902359009,25000
1.6653879,-2.21796,0.6653879,0.38008264,34.354614,1.0,-34.354614,1.0,0.32169378,0.0,-27.18087,-72.367096,26.559544,-3.2839437,157.27908,0.9664059,-26.750206,-72.072716,0.068813324,1.6689878,-2.2299592,0.6689878,0.3920822,35.629135,1.0,-35.629135,1.0,0.3027115,0.0,-26.759457,-72.02364,0.5242935,-26.368742,-71.73249,0.06777584,0.003536492395401001,111.74705290794373,30000
1.6643469,-2.21449,0.66434693,0.37661278,33.775078,1.0,-33.775078,1.0,0.23446411,0.0,-27.234732,-73.849335,2.1299715,-5.734024,56.59837,0.54254866,-26.847094,-73.6586,0.06402185,1.6771308,-2.2571025,0.6771308,0.4192254,34.616882,1.0,-34.616882,1.0,0.42804062,0.0,-26.453629,-73.999825,0.5296126,-26.039425,-73.69778,0.08025373,0.0035390374660491945,129.44224190711975,35000
1.6676165,-2.225388,0.6676165,0.38751116,34.70013,1.0,-34.70013,1.0,0.1958089,0.0,-27.381756,-75.98392,2.680781,-7.339567,58.816265,0.58642197,-27.006435,-75.69802,0.06118176,1.6645007,-2.2150023,0.6645007,0.37712526,35.053917,1.0,-35.053917,1.0,0.19308174,0.0,-27.566273,-76.19752,0.59842086,-27.168198,-75.95979,0.05816812,0.0035418519020080567,147.1515028476715,40000
1.6676631,-2.2255435,0.6676631,0.38766643,34.766098,1.0,-34.766098,1.0,0.23729587,0.0,-27.591354,-75.93017,21.205744,-1.8308934,109.82243,0.4259887,-27.193054,-75.69869,0.06781732,1.6630397,-2.2101326,0.66303974,0.3722554,34.542572,1.0,-34.542572,1.0,0.23337355,0.0,-27.164791,-76.12494,1.5040339,-26.760912,-75.826324,0.07067974,0.0035439090728759766,164.8710494041443,45000
1.6594381,-2.1981273,0.65943813,0.36025017,32.96883,0.99999994,-32.96883,1.0,0.33176768,0.0,-26.428759,-77.02772,5.2460747,-5.4863563,64.38461,0.69476104,-26.012953,-76.837326,0.07526273,1.6606714,-2.2022378,0.6606714,0.36436084,34.132317,0.99999994,-34.132317,1.0,0.2820533,0.0,-27.551617,-77.411896,0.60352886,-27.159718,-77.25947,0.07432108,0.0035410216331481933,182.5761592388153,50000
1.6661212,-2.2204044,0.66612136,0.38252732,36.641525,0.99999994,-36.641525,1.0,0.29279253,0.0,-27.34845,-77.52914,7.5917015,-16.705257,156.88094,0.74187016,-26.922176,-77.3094,0.07290088,1.6606257,-2.2020857,0.6606257,0.36420864,34.93988,1.0,-34.93988,1.0,0.23517923,0.0,-25.917618,-76.91735,0.5323162,-25.486174,-76.67238,0.06822091,0.0035403199195861816,200.27776098251343,55000
1.6584103,-2.194701,0.6584103,0.3568239,34.826973,1.0,-34.826973,1.0,0.24481317,0.0,-26.922077,-77.53264,9.986451,-4.0737815,71.78026,0.9420499,-26.518688,-77.163666,0.06447223,1.6623154,-2.2077177,0.66231537,0.36984068,35.997066,1.0,-35.997066,1.0,0.21864599,0.0,-26.51382,-78.84116,0.79481953,-26.094389,-78.70316,0.06633441,0.0035403947353363037,217.97973680496216,60000
1.6648251,-2.216099,0.6648297,0.37822187,34.2381,0.9999954,-34.23794,1.0,0.37053487,0.0,-26.752792,-77.71266,15.048706,-1.5627816,85.04851,1.014245,-26.326397,-77.56164,0.0686162,1.6719904,-2.2399683,0.67199045,0.40209103,36.325882,1.0,-36.325882,1.0,0.4209078,0.0,-27.758087,-78.79203,1.1778014,-27.332323,-78.647095,0.07529778,0.0035421133041381838,235.6903052330017,65000
1.6662056,-2.2206855,0.6662057,0.3828085,34.80406,1.0,-34.80406,1.0,0.3008961,0.0,-27.974766,-78.71918,7.8802414,-2.8063047,58.695484,0.58778304,-27.566273,-78.591034,0.072071634,1.6687698,-2.229235,0.66877055,0.39135796,35.97828,0.99999934,-35.978256,1.0,0.23271912,0.0,-28.57948,-76.41051,0.52654696,-28.195467,-76.23753,0.06931252,0.0035426621913909914,253.40361762046814,70000
1.6615207,-2.2050688,0.66152066,0.36719185,34.84355,1.0,-34.84355,1.0,0.4859854,0.0,-28.843866,-77.67211,3.8100772,-11.20657,79.88612,1.056023,-28.41291,-77.28077,0.07934486,1.6695433,-2.2318218,0.6695466,0.3939448,35.334427,0.9999966,-35.334305,1.0,0.447443,0.0,-27.47374,-79.99426,1.250158,-27.044445,-79.71911,0.08214782,0.003540449047088623,271.1058647632599,75000
1.6674545,-2.2248504,0.6674552,0.38697344,34.309937,0.99999934,-34.309914,1.0,0.28984967,0.0,-27.077824,-79.29008,11.442835,-3.703401,77.14424,0.74235165,-26.680973,-79.09857,0.06970219,1.662408,-2.2080264,0.662408,0.37014946,35.226818,1.0,-35.226818,1.0,0.48206764,0.0,-26.9148,-80.06954,0.6598759,-26.525408,-79.98282,0.08313857,0.003543409538269043,288.8229138851166,80000
1.6577725,-2.1925852,0.6577756,0.3547082,35.37895,0.99999696,-35.37884,1.0,0.21591857,0.0,-26.739655,-76.28435,3.2093327,-4.8363256,60.483894,0.7828546,-26.35904,-76.00241,0.06431927,1.66486,-2.2161999,0.66486,0.3783227,36.087982,1.0,-36.087982,1.0,0.1319097,0.0,-26.402145,-77.0763,0.860411,-25.957375,-76.93124,0.070618585,0.0035397512912750243,306.5216715335846,85000
1.6662827,-2.220942,0.66628265,0.3830651,33.848476,1.0,-33.848476,1.0,0.2629807,0.0,-28.4358,-78.18615,8.68652,-4.133956,74.20336,0.61004806,-28.02657,-78.10915,0.07491615,1.6663946,-2.2213237,0.66639715,0.3834467,36.13678,0.99999744,-36.13669,1.0,0.21167982,0.0,-27.65795,-79.08294,0.819515,-27.241272,-78.752884,0.07532212,0.0035409684181213377,324.22651529312134,90000
1.6627743,-2.2092478,0.6627744,0.37137082,35.03441,1.0,-35.03441,1.0,0.20888697,0.0,-26.876617,-78.29877,5.9870996,-2.000155,44.483925,0.6719216,-26.470676,-78.36984,0.07106368,1.6601348,-2.2004495,0.66013485,0.36257243,34.77195,1.0,-34.77195,1.0,0.2600311,0.0,-27.92495,-80.88325,0.64526343,-27.56726,-80.691216,0.07303388,0.003539435911178589,341.9236960411072,95000
1.6562197,-2.187399,0.6562197,0.3495219,35.744644,1.0,-35.744644,1.0,0.25779438,0.0,-27.139069,-79.55902,9.509001,-13.28841,116.645256,0.68942773,-26.692259,-79.57092,0.0765667,1.6597745,-2.1992552,0.65977657,0.36137825,34.782562,0.99999803,-34.782494,1.0,0.26988804,0.0,-27.166153,-80.98906,0.86829466,-26.762901,-80.78501,0.06758186,0.0035375667572021484,359.6115312576294,100000
1.6628095,-2.209365,0.6628095,0.3714878,34.45878,1.0,-34.45878,1.0,0.17849384,0.0,-26.352745,-79.16252,13.194989,-4.5760903,79.60408,0.89708686,-25.926537,-78.9294,0.072010174,1.6649157,-2.2163854,0.6649157,0.3785084,34.49067,1.0,-34.49067,1.0,0.20979063,0.0,-27.012463,-77.295876,0.6553945,-26.553448,-77.26972,0.08014843,0.0035763504028320315,377.4932849407196,105000
1.665348,-2.2178268,0.6653481,0.37994987,34.668034,1.0,-34.668034,1.0,0.14919353,0.0,-26.587864,-79.37621,3.8994725,-3.2680998,44.92928,0.80406266,-26.182232,-79.44186,0.06712654,1.6629257,-2.2097526,0.6629258,0.37187552,36.256523,1.0,-36.256523,1.0,0.16502984,0.0,-27.932774,-81.369286,0.57014716,-27.545996,-81.14364,0.06772068,0.0035393741607666015,395.1901578903198,110000
1.6608448,-2.2028177,0.66084534,0.36494064,35.27267,0.9999994,-35.272648,1.0,0.23034412,0.0,-26.25497,-79.28135,6.485536,-10.288733,86.0809,0.5470995,-25.876629,-79.27789,0.068066835,1.6647048,-2.2157066,0.6647121,0.3778296,35.070084,0.99999267,-35.069824,1.0,0.2554218,0.0,-28.282936,-79.86201,0.4693538,-27.868492,-79.75594,0.084398106,0.0035356744766235353,412.86853194236755,115000
1.6644204,-2.2147875,0.6644363,0.37691048,33.760715,0.999984,-33.760178,1.0,0.34022564,0.0,-27.81982,-79.96548,5.203745,-11.342989,71.707565,1.0499299,-27.431635,-79.842316,0.073784575,1.6641722,-2.213923,0.66417694,0.37604612,35.443436,0.99999523,-35.443268,1.0,0.3092016,0.0,-27.072803,-80.05005,0.6330159,-26.669907,-79.62899,0.08503504,0.0035371895790100097,430.5544819831848,120000
1.65292,-2.1764002,0.65292,0.33852303,34.070953,1.0,-34.070953,1.0,0.3942523,0.0,-27.415077,-80.95186,18.129269,-13.799234,141.4115,0.59868014,-26.973839,-80.796165,0.07013294,1.6622953,-2.2076511,0.66229534,0.3697741,35.040245,1.0,-35.040245,1.0,0.25869977,0.0,-26.61415,-76.76902,0.7171753,-26.169731,-76.63423,0.08666658,0.003536756706237793,448.23826789855957,125000
1.6613741,-2.2046175,0.66138536,0.36674058,34.83951,0.99998873,-34.83912,1.0,0.27044624,0.0,-26.704855,-80.00075,15.752746,-4.519202,109.52658,1.0741236,-26.293991,-79.88196,0.08671811,1.6610875,-2.2036495,0.66109484,0.3657723,35.492195,0.99999267,-35.491936,1.0,0.25096643,0.0,-27.279976,-80.2793,1.1846507,-26.84008,-80.1502,0.081370704,0.0035355154514312742,465.91584634780884,130000
1.6567711,-2.1892369,0.65677106,0.35135972,34.715065,1.0,-34.715065,1.0,0.25072435,0.0,-26.931372,-81.52044,8.511873,-8.581653,97.008,0.7166101,-26.539764,-81.33634,0.07139267,1.6620784,-2.206928,0.66207844,0.36905098,34.554718,1.0,-34.554718,1.0,0.20448089,0.0,-26.599552,-80.752396,0.7503811,-26.21202,-80.55038,0.071308345,0.003535358142852783,483.59263920783997,135000
1.6593451,-2.1978173,0.6593452,0.3599403,35.081722,1.0,-35.081722,1.0,0.28182477,0.0,-28.223177,-81.34141,15.2659645,-5.9033713,95.041626,0.86352074,-27.820654,-81.038376,0.08050704,1.6588372,-2.1961238,0.6588372,0.35824674,33.94627,1.0,-33.94627,1.0,0.18631107,0.0,-26.645638,-79.5833,0.7932707,-26.27289,-79.351265,0.07089913,0.0035350080966949464,501.2676811218262,140000
1.6621346,-2.2071326,0.6621398,0.36925554,35.53443,0.9999949,-35.53425,1.0,0.26263663,0.0,-26.680204,-79.23961,12.36552,-2.2052917,64.88237,0.5720937,-26.259043,-79.26721,0.065660134,1.6624001,-2.2080092,0.6624028,0.37013233,35.61762,0.9999973,-35.617523,1.0,0.18001851,0.0,-26.827015,-81.05217,0.81335545,-26.428795,-80.825645,0.064889245,0.003536870288848877,518.9520347118378,145000
1.6666547,-2.2221823,0.6666547,0.38430512,36.397903,1.0,-36.397903,1.0,0.42883363,0.0,-28.338251,-78.87603,3.5845742,-23.388561,116.266785,0.84270906,-27.92577,-78.62889,0.083583586,1.665609,-2.2186966,0.665609,0.38081968,35.630665,1.0,-35.630665,1.0,0.28553,0.0,-27.160164,-78.34792,0.6056166,-26.73766,-78.27651,0.08138181,0.0035332518577575684,536.6182951927185,150000
1.6681018,-2.2270055,0.6681017,0.38912863,34.897064,1.0,-34.897064,1.0,0.28454036,0.0,-27.512169,-78.50053,12.31032,-8.833672,104.92079,1.4502807,-27.095682,-77.999374,0.087384626,1.6653018,-2.2176728,0.66530186,0.37979567,34.55761,1.0,-34.55761,1.0,0.23113751,0.0,-25.925068,-77.09661,1.0280958,-25.549955,-76.88814,0.09290899,0.003533716583251953,554.2868797779083,155000
1.6584704,-2.1949012,0.6584704,0.35702413,35.22894,1.0,-35.22894,1.0,0.4604566,0.0,-27.199554,-80.45349,7.2528853,-8.151035,76.32903,1.0139399,-26.782066,-80.159546,0.08542797,1.6602663,-2.2008874,0.6602663,0.36301044,35.249977,1.0,-35.249977,1.0,0.44095927,0.0,-26.887222,-81.099785,0.9980198,-26.428669,-81.0051,0.0844165,0.003535589361190796,571.9648280143738,160000
1.6588094,-2.1960316,0.6588094,0.35815442,34.65329,1.0,-34.65329,1.0,0.35459483,0.0,-26.196318,-76.82451,10.548996,-8.022407,105.854546,0.99288934,-25.76931,-76.539024,0.07708596,1.6631885,-2.2106643,0.66319937,0.37278733,35.34951,0.99998903,-35.34912,1.0,0.33531934,0.0,-27.330519,-80.968056,0.5754213,-26.934614,-80.836205,0.103229366,0.00353524432182312,589.641051530838,165000
1.6602247,-2.2007992,0.6602398,0.36292225,35.225586,0.9999849,-35.225056,1.0,0.1551269,0.0,-26.909267,-78.29295,2.3625758,-3.0070276,33.249737,0.91445386,-26.495695,-77.93707,0.07885537,1.6656972,-2.2189906,0.6656972,0.38111365,34.591072,1.0,-34.591072,1.0,0.16787165,0.0,-26.932379,-81.41677,0.6031527,-26.49332,-81.34186,0.08186826,0.0035362752437591554,607.3224294185638,170000
1.6612654,-2.2042184,0.6612655,0.36634114,33.715225,0.99999994,-33.715225,1.0,0.2562035,0.0,-25.516838,-77.98091,8.27581,-3.6411178,62.8291,1.1240555,-25.123722,-77.618,0.08274232,1.6671106,-2.2237017,0.66711056,0.38582468,35.018593,1.0,-35.018593,1.0,0.20215803,0.0,-26.243736,-80.928856,1.5038149,-25.822302,-80.70193,0.07467769,0.0035356343269348145,625.000602722168,175000
1.6618825,-2.206275,0.6618825,0.36839783,34.26863,1.0,-34.26863,1.0,0.18539773,0.0,-28.419798,-83.11256,2.9935474,-2.2280674,38.602974,0.7076491,-28.014103,-82.8708,0.07764998,1.6609032,-2.2030106,0.6609032,0.36513352,34.945282,1.0,-34.945282,1.0,0.20458278,0.0,-28.10102,-79.478455,2.5296926,-27.7058,-79.13677,0.07405268,0.003532067918777466,642.6609442234039,180000
1.6600308,-2.2001026,0.66003084,0.36222565,36.066822,1.0,-36.066822,1.0,0.45200354,0.0,-27.573399,-82.51589,3.663261,-12.426132,81.662415,1.1211866,-27.183739,-82.18328,0.09011373,1.6683661,-2.2278903,0.66836715,0.39001328,35.91433,0.9999989,-35.91429,1.0,0.46485606,0.0,-27.767723,-78.23105,1.0114119,-27.369198,-77.69108,0.09759073,0.0035349474906921385,660.3356835842133,185000
1.6568441,-2.1894803,0.65684414,0.35160333,34.905,1.0,-34.905,1.0,0.4576469,0.66055346,-26.011383,-80.61962,8.575035,-8.778156,147.77039,1.5438563,-25.7145,-80.107864,0.13539314,1.659848,-2.1994934,0.6598481,0.3616165,34.7053,0.9999998,-34.705296,1.0,0.40278077,0.0,-27.643494,-78.259155,1.1504544,-27.284033,-78.24415,0.13988087,0.0035342501163482666,678.0069363117218,190000
1.6588391,-2.1963656,0.65890974,0.35848862,33.509773,0.99992937,-33.507404,1.0,0.63196325,0.36333585,-27.329245,-79.44326,16.373047,-4.40065,107.264206,1.5462276,-26.919289,-79.49577,0.100313365,1.6614273,-2.2048764,0.6614629,0.36699933,33.769226,0.9999643,-33.76802,1.0,0.6339315,0.9673716,-27.711847,-78.18833,1.4326679,-27.260231,-78.078415,0.09799433,0.0035332250118255614,695.6730632781982,195000
1.661764,-2.2060096,0.6618029,0.36813247,34.78512,0.99996114,-34.783768,1.0,0.26274946,0.14451802,-27.176256,-80.71882,5.9598513,-4.068589,49.681328,0.77301276,-26.775965,-80.77172,0.09779695,1.6605527,-2.2018423,0.66055274,0.3639652,35.0322,1.0,-35.0322,1.0,0.2856002,0.0,-27.71857,-78.448746,0.4697221,-27.296394,-78.14991,0.086246066,0.003534424829483032,713.3451890945435,200000
1.662643,-2.2088096,0.66264296,0.3709327,34.52607,1.0,-34.52607,1.0,0.20570461,0.0,-26.749636,-79.07373,11.222458,-3.6810217,64.60144,0.5932309,-26.379082,-78.95768,0.06647458,1.6581334,-2.193778,0.6581334,0.35590094,35.342407,1.0,-35.342407,1.0,0.14767504,0.0,-27.834929,-81.745155,0.88844526,-27.411673,-81.71695,0.06979033,0.003565830135345459,731.174341917038,205000
1.660282,-2.2009912,0.66029733,0.363114,34.72047,0.9999847,-34.71994,1.0,0.2557717,0.0,-27.449879,-79.36414,5.1926765,-5.9831505,71.5595,1.1791029,-26.981731,-78.84008,0.08739793,1.6655799,-2.2185993,0.6655799,0.38072243,36.548565,1.0,-36.548565,1.0,0.334647,0.0,-27.856268,-79.66356,0.8146873,-27.44085,-79.619026,0.097639695,0.0035345776081085207,748.8472311496735,210000
1.6568562,-2.1895275,0.6568582,0.35165036,36.03647,0.999998,-36.036396,1.0,0.17977165,0.0,-26.437931,-79.01465,2.0608234,-6.0985165,40.036522,0.6202616,-26.05775,-78.712296,0.073830634,1.6600472,-2.2001572,0.6600472,0.36228016,35.17724,1.0,-35.17724,1.0,0.14172468,0.0,-27.693695,-80.33944,0.40683296,-27.323948,-79.744316,0.07352738,0.0035348074436187746,766.5212707519531,215000
1.6564637,-2.1882122,0.65646374,0.35033524,35.56012,1.0,-35.56012,1.0,0.42312366,0.0,-26.495934,-79.70949,5.3480387,-2.567916,49.83925,1.2695667,-26.061249,-79.632256,0.0821687,1.6590592,-2.1968637,0.65905917,0.35898662,35.505783,1.0,-35.505783,1.0,0.28716448,0.0,-26.416481,-79.44518,0.85709393,-26.024775,-78.937325,0.082285866,0.0035332707405090332,784.1876263618469,220000
1.6694046,-2.2313557,0.6694067,0.39347857,35.970627,0.9999979,-35.97055,1.0,0.1945512,0.0,-27.996937,-79.59867,2.685082,-2.934048,39.850708,0.96377635,-27.619106,-79.26424,0.07670236,1.665895,-2.2196643,0.66589934,0.3817873,34.70874,0.9999956,-34.708588,1.0,0.18550003,0.0,-25.738249,-79.97594,1.0775259,-25.362629,-79.53777,0.08758998,0.0035309417724609373,801.8423366546631,225000
1.6608858,-2.2029529,0.6608858,0.36507565,36.077026,1.0,-36.077026,1.0,0.3315213,0.0,-28.583513,-78.59084,16.554127,-6.702592,108.91914,0.9966641,-28.185858,-78.5414,0.07918588,1.6658304,-2.2194345,0.66583043,0.38155758,34.616676,1.0,-34.616676,1.0,0.2344111,0.0,-26.765621,-81.67545,0.9264481,-26.38426,-81.403015,0.07481509,0.003534469747543335,819.5146877765656,230000
1.6558533,-2.1861773,0.6558533,0.3483003,35.302353,1.0,-35.302353,1.0,0.24046203,0.0,-28.192509,-80.09529,2.9846668,-5.1939144,51.408215,1.3397905,-27.772753,-79.93474,0.07118502,1.6615572,-2.2051907,0.66155726,0.36731368,36.567898,1.0,-36.567898,1.0,0.22368051,0.0,-28.558027,-79.89071,0.9718942,-28.138073,-79.474304,0.075448945,0.0035332149982452393,837.1807644367218,235000
1.6596332,-2.1987782,0.6596334,0.36090088,34.95569,0.9999998,-34.95568,1.0,0.24506702,0.0,-28.718307,-78.833145,9.837429,-6.469569,80.73829,0.9714085,-28.277702,-78.7362,0.082736984,1.6638403,-2.2128012,0.66384035,0.37492412,35.807076,1.0,-35.807076,1.0,0.23271963,0.0,-27.737637,-78.91281,0.6668287,-27.305416,-78.814606,0.08961991,0.003532275676727295,854.8421440124512,240000
1.6625283,-2.2084274,0.6625283,0.3705504,34.581203,1.0,-34.581203,1.0,0.20603627,0.0,-27.296263,-83.15301,8.048878,-7.506686,79.16797,0.9342801,-26.878237,-82.89057,0.08004764,1.6603427,-2.2011604,0.6603482,0.3632834,35.54442,0.99999446,-35.54422,1.0,0.18025619,0.0,-27.733612,-79.628044,0.45981583,-27.34068,-79.54127,0.0788808,0.003535486316680908,872.5195767879486,245000
1.6622624,-2.2075415,0.6622625,0.3696645,35.477356,1.0,-35.477356,1.0,0.2413315,0.0,-27.930893,-80.28549,9.634682,-12.115165,127.63204,0.9085818,-27.542542,-80.14973,0.07882881,1.662399,-2.2079968,0.66239905,0.37011972,33.553883,1.0,-33.553883,1.0,0.16561684,0.0,-28.260868,-80.30891,0.9873007,-27.842352,-80.243515,0.084612325,0.0035338482856750487,890.1888201236725,250000
1.6586819,-2.195606,0.65868187,0.35772902,35.151176,1.0,-35.151176,1.0,0.16686584,0.0,-27.303894,-78.52713,4.433525,-4.106517,50.536526,0.70900714,-26.91093,-78.14958,0.07938461,1.6659539,-2.2198615,0.66595846,0.3819846,35.20961,0.99999535,-35.209446,1.0,0.21243653,0.0,-27.788652,-79.817444,0.6167934,-27.40345,-79.6368,0.07767676,0.0035329790115356447,907.8537166118622,255000
1.6593295,-2.1977663,0.65933,0.3598895,35.209465,0.9999995,-35.20945,1.0,0.18900226,0.0,-27.904995,-78.79138,4.3050194,-4.3474708,50.999813,0.6090158,-27.552895,-78.36029,0.074437134,1.6624157,-2.2081366,0.66244096,0.3702595,34.60851,0.99997485,-34.60764,1.0,0.21674848,0.0,-27.4689,-80.77061,0.60309386,-27.055887,-80.71361,0.08683598,0.003533009195327759,925.5187640190125,260000
1.662502,-2.2083642,0.6625093,0.37048715,34.791542,0.99999267,-34.791286,1.0,0.18554959,0.0,-27.684134,-78.9636,6.3478127,-7.553764,88.32687,1.0548366,-27.315647,-78.903946,0.07875585,1.6581954,-2.1939845,0.6581954,0.3561074,35.20032,1.0,-35.20032,1.0,0.17677566,0.0,-26.909704,-79.944405,0.89541864,-26.49789,-79.59339,0.07623711,0.0035331226348876955,943.1843793392181,265000
1.6594543,-2.198216,0.65946484,0.36033893,35.880157,0.9999895,-35.87978,1.0,0.17553501,0.0,-26.685925,-77.42778,6.168259,-5.269419,64.801895,0.5377202,-26.287437,-77.145454,0.08581728,1.6596881,-2.1989703,0.65969115,0.36109334,35.09999,0.99999696,-35.099884,1.0,0.15656836,0.0,-27.629765,-81.82373,0.450105,-27.237974,-81.736465,0.071484566,0.0035319711685180663,960.8442373275757,270000
1.6595403,-2.1984675,0.6595403,0.36059046,34.88494,1.0,-34.88494,1.0,0.29312003,0.0,-26.825214,-79.497765,14.686653,-8.167828,105.13508,0.70331943,-26.459965,-79.416145,0.07732149,1.657175,-2.190583,0.65717494,0.3527061,33.996758,1.0,-33.996758,1.0,0.21532653,0.0,-26.955315,-78.24842,0.5275861,-26.545708,-77.898445,0.07417266,0.0035314733505249023,978.501606464386,275000
1.6616249,-2.2054162,0.6616249,0.36753935,35.300312,1.0,-35.300312,1.0,0.3420697,0.0,-27.235687,-81.73904,11.808813,-20.588707,149.67172,0.7006292,-26.836401,-81.59389,0.10725001,1.6574547,-2.191516,0.6574548,0.35363895,35.02305,1.0,-35.02305,1.0,0.2574665,0.0,-26.708984,-79.130325,0.46473432,-26.29488,-78.77854,0.07972704,0.003529095935821533,996.1470878124237,280000
1.6568592,-2.1896138,0.6568842,0.35173684,34.3833,0.9999749,-34.38244,1.0,0.61781543,0.5826907,-27.726631,-81.92211,10.2208,-10.049826,104.32802,2.3433473,-27.300602,-81.9281,0.11711554,1.6580689,-2.1935863,0.6580759,0.35570946,34.95711,0.9999929,-34.956863,1.0,0.6797011,0.76866436,-27.689093,-81.87826,2.1500747,-27.270542,-81.34766,0.10516009,0.0035306793212890623,1013.8004858493805,285000
1.6583554,-2.1945176,0.65835536,0.35664058,35.76143,1.0,-35.76143,1.0,0.16711046,0.0,-28.491379,-80.11973,4.6416235,-3.8473785,46.35155,0.6117067,-28.079721,-79.733475,0.07021926,1.6647544,-2.215848,0.66475433,0.3779707,34.501923,1.0,-34.501923,1.0,0.15120356,0.0,-26.437489,-80.277374,0.57624,-26.03895,-79.912704,0.073995024,0.0035318610668182374,1031.4597930908203,290000
1.657827,-2.1927767,0.6578331,0.3548997,35.08275,0.9999939,-35.082535,1.0,0.20053656,0.0,-26.948093,-78.453926,3.004881,-4.5344634,44.948826,0.74308133,-26.537506,-78.33752,0.07180783,1.6580838,-2.1936126,0.6580838,0.35573554,34.811905,1.0,-34.811905,1.0,0.25407216,0.0,-29.34035,-79.89657,0.7447158,-28.955593,-79.590904,0.07849363,0.0035301713943481443,1049.1106514930725,295000
1.653261,-2.1775365,0.65326095,0.33965942,34.173836,0.99999994,-34.173836,1.0,0.16962987,0.0,-26.574505,-78.01077,9.861504,-14.703939,112.785416,0.56526154,-26.170033,-77.58,0.07158158,1.663477,-2.2115898,0.66347694,0.37371278,34.533424,1.0,-34.533424,1.0,0.18833494,0.0,-28.204763,-83.8587,0.5640362,-27.78007,-83.7465,0.08677262,0.0035289692878723144,1066.7554998397827,300000
1.6565821,-2.1886067,0.6565821,0.35072982,34.668365,1.0,-34.668365,1.0,0.24959508,0.0,-27.41663,-77.79131,7.788482,-5.83448,86.23049,0.8488931,-27.000458,-77.60696,0.07460168,1.6615982,-2.2053275,0.6615982,0.36745036,34.779438,1.0,-34.779438,1.0,0.30230394,0.0,-27.61551,-79.11835,0.964562,-27.221329,-79.13014,0.09782401,0.00355723614692688,1084.5416822433472,305000
1.6556929,-2.1856432,0.65569293,0.34776607,35.480106,1.0,-35.480106,1.0,0.26958677,0.0,-28.423306,-80.24453,6.178367,-4.748414,47.33013,0.8221666,-28.013947,-79.96934,0.07257618,1.6628542,-2.2095141,0.6628542,0.37163693,34.809692,1.0,-34.809692,1.0,0.3398978,0.0,-25.392658,-78.68343,0.68892217,-24.99518,-78.5607,0.0747241,0.0035304029941558837,1102.193699836731,310000
1.6625175,-2.2083921,0.6625176,0.37051505,35.160133,1.0,-35.160133,1.0,0.59532154,0.0,-28.93686,-83.231995,13.9525385,-11.007816,194.15346,2.8050919,-28.580765,-83.219635,0.15848912,1.6609213,-2.2030709,0.6609213,0.36519375,34.978188,1.0,-34.978188,1.0,0.4234032,0.0,-27.3424,-78.66404,1.5062014,-26.935036,-78.58617,0.107742265,0.003529702615737915,1119.8422148227692,315000
1.663753,-2.21251,0.6637531,0.3746332,35.485996,1.0,-35.485996,1.0,0.17234737,0.0,-27.627642,-83.126656,3.379651,-5.5582056,47.090935,0.78600925,-27.21883,-82.996346,0.08054632,1.659434,-2.198113,0.65943396,0.36023605,35.46756,1.0,-35.46756,1.0,0.14541416,0.0,-27.476257,-81.08395,0.634915,-27.138737,-80.395836,0.08578779,0.0035340826988220215,1137.512630701065,320000
1.6641908,-2.2140112,0.6642033,0.37613398,35.012554,0.9999875,-35.012115,1.0,0.1470924,0.0,-27.903427,-79.74208,4.8306026,-5.416167,59.705685,0.7761166,-27.488638,-79.56672,0.0754944,1.6631653,-2.2105775,0.66317326,0.37270045,34.918285,0.999992,-34.918007,1.0,0.16794074,0.0,-26.866573,-78.77502,0.8250621,-26.446241,-78.89833,0.08231866,0.003532565975189209,1155.175461769104,325000
1.6556244,-2.1854146,0.6556244,0.34753752,35.0026,1.0,-35.0026,1.0,0.2088578,0.0,-26.47519,-77.57504,7.661874,-8.479116,79.23656,0.9379321,-26.076426,-77.50734,0.07997292,1.6610849,-2.2036164,0.66108495,0.3657394,35.82251,1.0,-35.82251,1.0,0.1670973,0.0,-27.601719,-79.39914,0.55494153,-27.20781,-79.386284,0.075717516,0.003528412628173828,1172.817526102066,330000
1.6610372,-2.2034569,0.66103715,0.36557996,34.592415,1.0,-34.592415,1.0,0.21456246,0.0,-27.890608,-80.00063,11.341698,-13.610382,115.05322,0.72474825,-27.483337,-80.02828,0.07999414,1.6601388,-2.2004628,0.66013885,0.36258566,34.790348,1.0,-34.790348,1.0,0.12766777,0.0,-28.377169,-78.338974,0.7387778,-27.990608,-78.23715,0.094139874,0.0035282639026641845,1190.4588479995728,335000
1.6599925,-2.199975,0.65999246,0.3620978,35.049805,1.0,-35.049805,1.0,0.17455827,0.0,-27.618776,-81.18307,13.106068,-13.988081,163.88123,1.9395169,-27.233025,-80.98516,0.08607942,1.6639229,-2.2130764,0.6639229,0.37519932,34.138336,1.0,-34.138336,1.0,0.16634949,0.0,-26.65405,-80.1216,1.7951716,-26.222172,-79.90262,0.08690691,0.0035285643577575685,1208.1016714572906,340000
1.6537952,-2.1794107,0.65382326,0.3415337,35.002575,0.99997205,-35.0016,1.0,0.16770649,0.0,-26.918575,-78.67142,3.2062736,-3.3908858,39.884857,0.5817498,-26.561132,-78.67834,0.08093107,1.6613586,-2.2045553,0.66136664,0.36667836,35.0287,0.9999919,-35.02842,1.0,0.17718393,0.0,-27.28347,-78.94239,0.7075361,-26.920345,-78.84197,0.07457349,0.003529848670959473,1225.750916004181,345000
1.6636459,-2.2121544,0.6636464,0.3742774,35.08358,0.99999946,-35.08356,1.0,0.1922479,0.0,-27.038317,-78.54064,6.238417,-4.957618,53.44766,0.77890736,-26.622488,-78.44475,0.08086164,1.660064,-2.2002134,0.660064,0.36233628,35.240433,1.0,-35.240433,1.0,0.2314057,0.0,-26.73766,-81.04017,1.8909792,-26.33371,-81.05475,0.07675932,0.0035292867183685304,1243.3973507881165,350000
1.6607084,-2.2023613,0.66070837,0.36448416,34.432472,1.0,-34.432472,1.0,0.19835702,0.0,-27.736902,-78.67055,4.4533043,-5.5684633,62.810856,0.6767597,-27.336973,-78.56785,0.07565567,1.6568805,-2.1896017,0.6568805,0.3517246,35.53453,1.0,-35.53453,1.0,0.17425226,0.0,-26.894335,-82.07341,0.50325716,-26.497147,-81.86583,0.07625696,0.0035310546875,1261.052625656128,355000
1.662513,-2.208377,0.6625131,0.37049976,35.41696,1.0,-35.41696,1.0,0.27334782,0.0,-28.127613,-82.292564,11.399666,-4.3929214,76.194695,0.82493216,-27.748993,-82.004326,0.07615883,1.6615855,-2.2052846,0.66158545,0.36740768,36.01194,1.0,-36.01194,1.0,0.15907161,0.0,-28.070375,-79.348625,0.5072917,-27.715233,-78.93441,0.073575646,0.0035301825523376463,1278.703539609909,360000
1.6644113,-2.2147286,0.66441864,0.37685156,35.10553,0.9999926,-35.10527,1.0,0.16705218,0.0,-28.681072,-81.04557,5.3244734,-2.0958514,44.425236,0.54947186,-28.293575,-80.67384,0.080688834,1.6623509,-2.2078362,0.6623509,0.36995894,35.313774,1.0,-35.313774,1.0,0.15665248,0.0,-27.433823,-79.76069,0.83513737,-27.04313,-79.57933,0.07767917,0.003527811145782471,1296.3425970077515,365000
1.6600201,-2.200067,0.6600201,0.3621897,34.977955,1.0,-34.977955,1.0,0.17995414,0.0,-26.510227,-79.94885,8.196134,-4.997957,63.78448,0.6970285,-26.111584,-80.00866,0.079195276,1.665648,-2.2188265,0.665648,0.38094947,34.566246,1.0,-34.566246,1.0,0.19520327,0.0,-27.435257,-84.318596,0.6795401,-27.075468,-84.120514,0.07394032,0.003530607891082764,1313.9956386089325,370000
1.656022,-2.1867428,0.6560228,0.34886557,35.62442,0.99999917,-35.62439,1.0,0.23997362,0.0,-26.77779,-80.03295,3.7512608,-3.068604,45.20956,0.66181755,-26.382017,-79.97944,0.08739876,1.6623178,-2.207726,0.6623178,0.36984897,35.298904,1.0,-35.298904,1.0,0.18432614,0.0,-27.644327,-82.07757,0.44002393,-27.262262,-81.78084,0.070978165,0.0035292573928833006,1331.641927242279,375000
1.6644788,-2.2149296,0.66447884,0.3770524,34.50083,1.0,-34.50083,1.0,0.14522758,0.0,-27.919006,-78.4562,7.8984966,-9.024477,74.92706,0.69122374,-27.513477,-78.33615,0.078033775,1.664115,-2.2137165,0.66411495,0.37583926,35.487434,1.0,-35.487434,1.0,0.16142263,0.0,-28.114754,-80.812294,0.849928,-27.70774,-80.339,0.081209466,0.003532351636886597,1349.3036873340607,380000
1.6562929,-2.187666,0.6562999,0.34978914,34.902023,0.999993,-34.90178,1.0,0.16609304,0.0,-27.367767,-82.41216,4.279853,-4.9470034,51.347725,0.72028065,-26.990095,-82.23797,0.08168866,1.6645863,-2.2152967,0.664589,0.37741953,36.10723,0.99999726,-36.107132,1.0,0.2068401,0.0,-27.843979,-79.664955,1.1249292,-27.438227,-79.18089,0.074833915,0.0035317370414733886,1366.9623742103577,385000
1.6579534,-2.1931987,0.6579596,0.35532156,34.721436,0.9999938,-34.721222,1.0,0.15950453,0.0,-27.085226,-80.04763,3.5390697,-3.0253441,54.044983,0.74010175,-26.661888,-79.91664,0.09318068,1.6641371,-2.21379,0.66413707,0.37591302,35.544132,1.0,-35.544132,1.0,0.22590366,0.0,-28.383448,-81.64534,0.31846747,-28.030993,-81.3889,0.12128393,0.003528277635574341,1384.6037640571594,390000
1.664021,-2.2134032,0.6640211,0.37552643,35.31464,1.0,-35.31464,1.0,0.18444318,0.0,-27.227356,-80.9592,4.2040462,-5.611212,51.865204,0.64983803,-26.843521,-80.94927,0.07123219,1.6645956,-2.215319,0.6645956,0.3774418,35.37275,1.0,-35.37275,1.0,0.17604853,0.0,-26.50798,-80.45461,0.93068135,-26.105164,-80.41926,0.08580633,0.0035298447608947754,1402.252990245819,395000
1.6584513,-2.194838,0.6584514,0.35696083,35.144676,1.0,-35.144676,1.0,0.18271619,0.0,-26.643799,-76.95344,5.208053,-5.2162795,53.91841,0.80590975,-26.230574,-77.066444,0.078622274,1.6570755,-2.1902516,0.6570755,0.35237467,35.079926,1.0,-35.079926,1.0,0.21883327,0.0,-27.69094,-79.5928,0.48678243,-27.275621,-79.56068,0.08233903,0.0035283819675445555,1419.8949015140533,400000
1.6561098,-2.1870332,0.6561099,0.34915605,35.37439,0.9999998,-35.374382,1.0,0.2098576,0.0,-28.309618,-79.535995,7.9141774,-3.6734555,60.8045,0.7358967,-27.913311,-79.4209,0.07593722,1.6616983,-2.205661,0.66169834,0.36778402,35.01068,1.0,-35.01068,1.0,0.14906958,0.0,-27.462643,-81.342995,0.78159106,-27.085712,-81.13762,0.08672841,0.0035577083587646483,1437.6834452152252,405000
1.6569703,-2.1899009,0.6569702,0.35202366,35.004494,1.0,-35.004494,1.0,0.23554382,0.0,-27.555948,-79.696236,8.128394,-10.405081,107.123116,0.7193294,-27.163614,-79.20169,0.084586754,1.6633885,-2.2112951,0.6633885,0.37341803,36.3323,1.0,-36.3323,1.0,0.24050467,0.0,-27.20302,-78.31209,1.5132474,-26.810024,-78.09412,0.07688565,0.0035274781227111816,1455.3208379745483,410000
1.6594727,-2.1982422,0.6594727,0.3603652,35.197197,1.0,-35.197197,1.0,0.16548532,0.0,-26.018585,-77.85463,2.7408319,-3.9259102,43.12797,0.9577621,-25.618904,-77.565125,0.070928566,1.6648016,-2.2160048,0.6648016,0.3781281,34.20897,1.0,-34.20897,1.0,0.1526449,0.0,-28.694515,-78.79906,0.6618007,-28.290512,-78.859985,0.08205417,0.0035270880699157714,1472.95627951622,415000
1.6637471,-2.2124982,0.66374946,0.37462115,35.18547,0.99999756,-35.185383,1.0,0.19468094,0.0,-25.614647,-79.394585,7.186267,-2.0877426,46.0097,0.5914301,-25.189083,-79.48466,0.08462234,1.6586813,-2.1956043,0.6586813,0.35772705,35.163017,1.0,-35.163017,1.0,0.21413282,0.0,-28.539162,-79.487305,0.40912986,-28.154491,-79.200745,0.074301854,0.0035265355110168455,1490.588958978653,420000
1.6551335,-2.183814,0.6551442,0.34593704,34.539375,0.9999892,-34.539,1.0,0.18514293,0.0,-27.142918,-78.81919,3.6133828,-4.8638315,54.90072,0.75454974,-26.750854,-78.86783,0.0753505,1.6608906,-2.2029686,0.6608906,0.36509138,35.21997,1.0,-35.21997,1.0,0.18705231,0.0,-26.09021,-77.22317,0.5370652,-25.719872,-76.89948,0.0703191,0.003527720928192139,1508.2275652885437,425000
1.6511245,-2.170415,0.65112454,0.3325379,35.161125,0.99999994,-35.161125,1.0,0.2720954,0.0,-27.31076,-83.31019,8.794546,-4.8880296,63.44447,0.89035845,-26.900469,-83.118706,0.07338117,1.6564896,-2.1882987,0.6564897,0.35042185,35.516697,1.0,-35.516697,1.0,0.2560553,0.0,-27.360733,-79.38198,0.9491714,-26.977716,-78.82593,0.084709175,0.003529772615432739,1525.876430273056,430000
1.6616707,-2.205569,0.6616707,0.36769202,35.72036,1.0,-35.72036,1.0,0.17612204,0.0,-27.280323,-79.539375,12.335763,-10.969194,92.0125,0.5556452,-26.89172,-79.216095,0.082958825,1.6572608,-2.1908693,0.65726084,0.35299224,34.034615,0.99999994,-34.034615,1.0,0.19131584,0.0,-27.790165,-78.43179,0.6001871,-27.394619,-78.321106,0.08686073,0.0035297271728515624,1543.5250680446625,435000
1.6590543,-2.1968477,0.65905434,0.35897082,34.820908,1.0,-34.820908,1.0,0.31327605,0.0,-26.21396,-80.71699,11.478663,-13.530686,133.34424,0.6543422,-25.819818,-80.42917,0.08596532,1.662339,-2.2077963,0.662339,0.3699193,35.46515,1.0,-35.46515,1.0,0.26230744,0.0,-27.69709,-81.188416,0.4086067,-27.269726,-81.130264,0.099514544,0.0035270288944244384,1561.1602139472961,440000
1.6626182,-2.2087274,0.6626182,0.37085027,34.953777,1.0,-34.953777,1.0,0.43087673,0.0,-28.294392,-78.75117,14.662138,-10.234382,114.47758,0.88103557,-27.908024,-78.311584,0.08345164,1.6644727,-2.214909,0.6644727,0.37703198,34.83977,1.0,-34.83977,1.0,0.20620272,0.0,-27.148468,-81.04293,0.54147846,-26.770786,-80.8302,0.08301099,0.003527277946472168,1578.7966060638428,445000
1.6581872,-2.1939569,0.65818715,0.35608,34.336113,1.0,-34.336113,1.0,0.22509393,0.0,-27.271084,-80.04946,8.384151,-7.7988725,69.78611,0.9394327,-26.87674,-79.918785,0.07313655,1.664459,-2.2149122,0.6644737,0.37703523,35.409836,0.9999852,-35.409313,1.0,0.15276483,0.0,-26.454441,-78.65599,1.2086841,-26.06674,-78.25114,0.08296346,0.0035276800632476806,1596.4350078105927,450000
1.6566923,-2.1889741,0.65669227,0.3510971,34.098366,0.99999994,-34.098366,1.0,0.22288695,0.0,-27.68768,-79.95885,7.9729075,-9.552548,102.2498,0.49662188,-27.314384,-80.037926,0.10879557,1.6641908,-2.2139692,0.66419077,0.3760922,35.34639,1.0,-35.34639,1.0,0.21360144,0.0,-27.447968,-83.920425,0.70959747,-27.02535,-83.769226,0.07465598,0.0035263827323913574,1614.0669231414795,455000
1.6619296,-2.2064486,0.66193455,0.36857134,36.35167,0.999995,-36.351486,1.0,0.17695552,0.0,-26.695593,-79.305336,11.206782,-10.799852,98.21723,0.7498446,-26.27464,-78.98787,0.08156641,1.6636995,-2.2123373,0.66370124,0.3744603,35.697865,0.9999983,-35.697803,1.0,0.20914733,0.0,-27.976036,-81.659065,0.48689377,-27.554054,-81.693436,0.08721469,0.0035265580654144286,1631.6997156143188,460000
1.6558149,-2.1860497,0.6558149,0.34817252,34.687454,1.0,-34.687454,1.0,0.33448073,0.0,-28.080242,-79.797745,10.5628395,-9.718383,110.23073,0.7652698,-27.638132,-79.52526,0.092243366,1.6614623,-2.2049088,0.6614727,0.3670319,35.715107,0.9999896,-35.714737,1.0,0.22725525,0.0,-27.029034,-78.42621,0.8074435,-26.65868,-77.97796,0.06516732,0.0035257362365722655,1649.328397989273,465000
1.6603963,-2.2014236,0.66042715,0.3635467,33.951633,0.9999692,-33.95059,1.0,0.57058096,0.43692517,-26.396523,-82.5329,8.086313,-7.726907,102.36953,1.8858751,-25.874018,-82.54464,0.16699007,1.6628006,-2.209364,0.66280925,0.37148714,35.19939,0.99999124,-35.19908,1.0,0.5516774,1.103034,-26.857063,-78.7401,2.0095115,-26.324554,-78.42541,0.14515556,0.0035269668102264405,1666.9632341861725,470000
1.6617625,-2.2058773,0.6617632,0.3680004,35.108353,0.9999993,-35.108326,1.0,0.2246964,0.0,-26.964388,-80.706154,9.395765,-4.1872387,65.735146,0.80070883,-26.553562,-80.436295,0.08213562,1.6646075,-2.2153602,0.6646081,0.3774832,35.110237,0.99999946,-35.110218,1.0,0.18537658,0.0,-27.313717,-81.66098,0.9189686,-26.93216,-81.68273,0.08630547,0.0035306239128112793,1684.6163556575775,475000
1.6584791,-2.1949303,0.6584791,0.35705334,34.84053,1.0,-34.84053,1.0,0.2540824,0.0,-28.03867,-79.39744,5.738682,-9.935524,87.07054,1.7761683,-27.596275,-79.02196,0.085078366,1.6566443,-2.1888146,0.65664434,0.35093743,36.403328,1.0,-36.403328,1.0,0.16823035,0.043257713,-27.65744,-79.42539,1.8210129,-27.249607,-78.94402,0.0836792,0.003527652931213379,1702.2546229362488,480000
1.6564581,-2.1881936,0.6564581,0.35031646,35.402817,1.0,-35.402817,1.0,0.16796014,0.0,-28.118334,-76.07251,2.8625984,-3.426455,44.875496,0.7397282,-27.72281,-75.54455,0.08128689,1.6660049,-2.2200165,0.6660049,0.3821394,35.352436,1.0,-35.352436,1.0,0.13970077,0.0,-27.573385,-78.62141,0.56313103,-27.190765,-78.61116,0.078005075,0.0035268907070159913,1719.8890779018402,485000
1.6573787,-2.1912663,0.6573799,0.3533893,34.95878,0.9999987,-34.958733,1.0,0.14470516,0.0,-26.431255,-82.66067,2.5040903,-2.339722,28.74126,1.1115482,-26.030552,-82.61357,0.08872421,1.6643958,-2.2146528,0.66439587,0.37677574,36.341732,1.0,-36.341732,1.0,0.21410358,0.0,-26.781712,-78.840416,0.9947959,-26.423038,-78.624374,0.08826601,0.003526246452331543,1737.5203113555908,490000
1.6589897,-2.1966324,0.65898967,0.35875517,35.83435,1.0,-35.83435,1.0,0.19687977,0.0,-27.593601,-78.92165,7.3201094,-7.969877,71.68062,0.69647723,-27.188595,-78.5913,0.07269663,1.6604294,-2.2014313,0.66042936,0.36355424,35.041153,1.0,-35.041153,1.0,0.16524944,0.0,-26.906506,-78.9904,0.5772076,-26.510798,-78.81401,0.07862514,0.003524126100540161,1755.1409440040588,495000
1.6580296,-2.1934319,0.6580296,0.35555494,35.033325,1.0,-35.033325,1.0,0.23865223,0.0,-26.741997,-79.11114,3.7591977,-3.1672132,58.782364,0.83307934,-26.310877,-79.203156,0.08494359,1.6572174,-2.1907248,0.6572174,0.35284764,34.772724,1.0,-34.772724,1.0,0.24396653,0.0,-26.54501,-80.95442,0.84260076,-26.148785,-80.546326,0.091666564,0.0035316409587860106,1772.7991507053375,500000
1.6622853,-2.2076175,0.6622853,0.3697404,35.417282,1.0,-35.417282,1.0,0.13077208,0.0,-26.565786,-81.68047,3.2881544,-2.558565,40.60534,0.49688113,-26.221638,-81.71827,0.07160503,1.6640553,-2.2135277,0.6640583,0.37565067,34.6689,0.9999971,-34.6688,1.0,0.15989338,0.0,-27.028736,-76.83584,0.8469436,-26.620483,-76.396996,0.073722765,0.0035574976444244385,1790.586641073227,505000
1.6619418,-2.2064848,0.66194546,0.36860776,34.43142,0.99999624,-34.43129,1.0,0.29928932,0.0,-28.895828,-79.66125,13.354399,-10.043148,138.61392,0.7327622,-28.493235,-79.5577,0.08095603,1.6581438,-2.193825,0.6581476,0.35594812,35.339836,0.99999624,-35.339703,1.0,0.28310174,0.0,-26.657595,-84.58389,0.67271096,-26.254097,-84.344406,0.08169399,0.003528762483596802,1808.2304549217224,510000
1.65476,-2.182533,0.65476,0.34465617,35.648117,1.0,-35.648117,1.0,0.28265,0.0,-27.604834,-79.363434,4.4155865,-5.691429,54.624744,1.5076612,-27.180374,-79.424835,0.09017816,1.6628231,-2.2094102,0.6628231,0.37153327,34.786736,1.0,-34.786736,1.0,0.2412362,0.0,-26.504158,-82.641,1.0160701,-26.11829,-82.46671,0.077735394,0.003527424716949463,1825.867580652237,515000
1.6585819,-2.1953015,0.65859056,0.35742468,34.198494,0.9999913,-34.198196,1.0,0.23036116,0.0,-29.130217,-80.65266,10.344753,-4.6961384,77.86096,0.96619385,-28.743477,-80.23799,0.087669015,1.6574413,-2.1914709,0.65744126,0.35359377,35.272198,1.0,-35.272198,1.0,0.12979382,0.0,-27.242416,-83.68984,0.9590338,-26.790749,-83.58456,0.08029708,0.0035260010719299316,1843.497587442398,520000
1.663129,-2.2104297,0.663129,0.37255284,35.129295,1.0,-35.129295,1.0,0.2545318,0.0,-27.189348,-81.44392,8.491136,-7.6910152,123.88065,0.49120134,-26.80244,-80.84892,0.108075276,1.6565912,-2.188637,0.6565911,0.35075992,34.640877,1.0,-34.640877,1.0,0.117927454,0.0,-27.783604,-79.51313,0.6312413,-27.438042,-79.49639,0.08545841,0.003526587438583374,1861.1305258274078,525000
1.6539336,-2.1797786,0.65393364,0.34190163,34.395515,1.0,-34.395515,1.0,0.18365815,0.0,-26.785019,-79.34101,16.476238,-20.234491,135.88321,0.7696365,-26.370316,-78.807495,0.07267367,1.6621306,-2.2071018,0.66213053,0.36922467,34.41692,1.0,-34.41692,1.0,0.11689799,0.0,-27.673931,-79.21557,0.6701275,-27.283333,-78.88303,0.08639433,0.003527335262298584,1878.7672045230865,530000
1.6573157,-2.1910522,0.6573157,0.3531751,35.55451,1.0,-35.55451,1.0,0.17865974,0.0,-27.738377,-81.517426,5.39969,-4.479511,66.36002,0.9391354,-27.329996,-81.03891,0.08453409,1.6590294,-2.1967647,0.65902936,0.35888767,35.402523,1.0,-35.402523,1.0,0.20849437,0.0,-28.137072,-79.78335,0.5928433,-27.726645,-79.762245,0.0786484,0.0035296109676361083,1896.4152615070343,535000
1.6594709,-2.1982365,0.6594709,0.3603593,34.380127,1.0,-34.380127,1.0,0.20949517,0.0,-26.259853,-82.01657,5.310725,-5.637453,58.14663,1.1691008,-25.812075,-81.92636,0.079485945,1.6652896,-2.2176552,0.66529655,0.37977797,34.50699,0.99999315,-34.506752,1.0,0.1302728,0.0,-26.786678,-82.152,0.9025716,-26.384575,-81.94747,0.08893835,0.003529167938232422,1914.0611033439636,540000
1.6565776,-2.18864,0.656592,0.35076302,34.748924,0.99998564,-34.748425,1.0,0.13627571,0.0,-27.877758,-81.81379,6.561875,-6.1743917,70.29142,0.48646206,-27.495201,-81.308784,0.0822528,1.663311,-2.2110367,0.663311,0.3731595,34.647118,1.0,-34.647118,1.0,0.20223358,0.0,-25.929821,-79.69427,0.48851556,-25.548935,-79.42357,0.07453931,0.0035284245491027833,1931.7032282352448,545000
1.6611453,-2.2038178,0.6611453,0.3659407,35.234295,1.0,-35.234295,1.0,0.14316294,0.0,-27.122429,-82.802185,9.641772,-10.522013,81.40888,1.0413338,-26.725685,-82.622215,0.07077932,1.662497,-2.2083256,0.66249776,0.3704486,35.440094,0.9999993,-35.440067,1.0,0.17437455,0.0,-26.757187,-79.87572,0.59146184,-26.337118,-79.72258,0.085543804,0.0035287793159484862,1949.3471269607544,550000
1.6588837,-2.1962788,0.6588837,0.35840192,35.406902,1.0,-35.406902,1.0,0.22691108,0.0,-28.328384,-79.38404,7.8344855,-8.311352,72.93812,1.018842,-27.92366,-79.31337,0.07745527,1.6534168,-2.1780558,0.65341675,0.34017873,35.103344,1.0,-35.103344,1.0,0.14989904,0.0,-26.88182,-78.491135,0.80304706,-26.496822,-78.21151,0.07879712,0.0035292404651641844,1966.9933314323425,555000
1.6566634,-2.188878,0.6566635,0.35100096,35.097477,1.0,-35.097477,1.0,0.16822544,0.0,-26.881886,-80.77769,5.245986,-5.4210234,61.445892,0.8947834,-26.522057,-80.42377,0.08443558,1.6654499,-2.2181659,0.6654498,0.38028884,35.573273,1.0,-35.573273,1.0,0.1568091,0.0,-29.38949,-82.54275,1.3694396,-28.995651,-82.35431,0.084585726,0.003528363037109375,1984.6351490020752,560000
1.660765,-2.2025502,0.66076505,0.36467314,35.129288,1.0,-35.129288,1.0,0.20006706,0.0,-28.25229,-79.35681,5.9842634,-7.9596877,72.12093,0.67062664,-27.83424,-79.183105,0.08075393,1.6630607,-2.210202,0.6630606,0.37232494,35.64469,1.0,-35.64469,1.0,0.13641182,0.0,-28.250366,-80.09275,0.6417158,-27.874561,-79.91265,0.08124697,0.0035287732124328615,2002.2790172100067,565000
1.655236,-2.1841202,0.6552361,0.34624317,34.058186,0.99999994,-34.058186,1.0,0.19732842,0.0,-28.514513,-82.56157,3.3769479,-2.9202204,39.152946,1.2483127,-28.127907,-82.598236,0.071332514,1.6638727,-2.2129087,0.6638727,0.37503174,36.544212,1.0,-36.544212,1.0,0.22394344,0.0,-27.462112,-81.81129,0.8719311,-27.097538,-81.78822,0.073227085,0.003529978179931641,2019.9289102554321,570000
1.6613979,-2.2046597,0.66139793,0.3667826,35.22535,1.0,-35.22535,1.0,0.16298959,0.0,-27.273249,-79.10313,8.917344,-11.231174,72.85134,0.84652597,-26.86135,-79.06245,0.08584428,1.663675,-2.2122498,0.66367495,0.3743728,36.62043,1.0,-36.62043,1.0,0.16119662,0.0,-28.572613,-82.02834,0.72822684,-28.19518,-81.84277,0.06768294,0.003531833505630493,2037.588079214096,575000
1.6586279,-2.1954262,0.65862787,0.35754907,36.443066,1.0,-36.443066,1.0,0.15824467,0.0,-26.85088,-79.77366,5.340925,-5.91936,56.583122,1.4624554,-26.455608,-79.52238,0.07381581,1.6612573,-2.2041903,0.6612572,0.3663135,34.252792,1.0,-34.252792,1.0,0.15418482,0.0,-26.821257,-81.6519,0.69201165,-26.405605,-81.14972,0.08009931,0.003533918857574463,2055.2576751708984,580000
1.6570361,-2.1901202,0.65703607,0.35224313,34.627747,1.0,-34.627747,1.0,0.13727863,0.0,-27.136583,-80.16397,3.9878914,-3.1070914,46.526196,0.6869932,-26.708153,-79.766754,0.08412473,1.6609421,-2.2031403,0.66094214,0.36526334,34.424843,1.0,-34.424843,1.0,0.18780684,0.0,-26.114017,-79.593315,0.8042786,-25.737404,-79.21053,0.08517547,0.0035296637535095214,2072.9059953689575,585000
1.6514268,-2.1714225,0.6514268,0.33354557,35.52891,1.0,-35.52891,1.0,0.13577123,0.0,-27.368916,-81.76284,4.031073,-4.7477016,55.3336,0.8612098,-26.96011,-81.744385,0.07315202,1.6676353,-2.225451,0.6676353,0.38757402,35.482574,1.0,-35.482574,1.0,0.10834849,0.0,-28.019724,-82.486404,0.55404234,-27.608294,-82.20663,0.0935666,0.003528864002227783,2090.5503175258636,590000
1.657233,-2.1908054,0.6572416,0.35292822,34.68193,0.9999914,-34.681633,1.0,0.16610691,0.0,-28.003551,-83.5128,6.443639,-6.829398,66.47651,0.5547029,-27.608673,-83.37105,0.08289122,1.6520374,-2.1734717,0.65204155,0.3355947,35.844215,0.99999577,-35.844063,1.0,0.2139008,0.0,-28.016396,-79.955536,0.40040445,-27.623318,-79.66979,0.07844341,0.0035285329818725585,2108.1929836273193,595000
1.658474,-2.1949139,0.6584741,0.35703665,35.138092,0.9999999,-35.13809,1.0,0.20416644,0.0,-27.440872,-80.43243,6.0635858,-4.7488995,60.02964,1.4133612,-27.016314,-80.05773,0.078167334,1.6627629,-2.2092092,0.6627628,0.37133235,35.574112,1.0,-35.574112,1.0,0.1688757,0.0,-27.849682,-78.839554,0.9490941,-27.45177,-78.51221,0.08193949,0.003530745220184326,2125.846710920334,600000
1.6580778,-2.1935925,0.65807784,0.35571572,35.25788,1.0,-35.25788,1.0,0.13723508,0.0,-26.822477,-78.38605,4.082413,-3.4656692,52.245903,0.58820164,-26.408014,-78.363235,0.08550081,1.6666803,-2.2222676,0.66668034,0.38439083,35.80448,1.0,-35.80448,1.0,0.18052565,0.0,-27.523989,-79.868835,0.7153234,-27.129108,-79.77573,0.07964541,0.0035622326374053956,2143.657875776291,605000
1.6549864,-2.1833618,0.65500855,0.34548464,34.280136,0.9999779,-34.279377,1.0,0.47636628,0.0,-26.466322,-79.85687,18.806828,-16.815937,214.85646,0.6107179,-26.125439,-79.89229,0.15773521,1.6626817,-2.2089672,0.6626902,0.3710903,36.15266,0.9999915,-36.15235,1.0,0.44355124,0.0,-26.7072,-82.42462,0.67343235,-26.325085,-82.03854,0.115254596,0.0035310076236724853,2161.312915802002,610000
1.6562957,-2.187652,0.65629566,0.34977508,34.865425,1.0,-34.865425,1.0,0.16756207,0.0,-27.376661,-78.66526,4.689961,-4.69712,47.64518,0.70204127,-26.95364,-78.49991,0.080618076,1.6643424,-2.2144744,0.66434234,0.37659746,34.253128,1.0,-34.253128,1.0,0.1519506,0.0,-26.558973,-81.66319,0.81361115,-26.156612,-81.425804,0.07178354,0.003531767845153809,2178.971756219864,615000
1.6573358,-2.191119,0.65733576,0.35324204,35.44002,1.0,-35.44002,1.0,0.19333863,0.0,-27.782026,-80.35142,6.8495574,-6.744504,85.685104,0.9517316,-27.37805,-80.13549,0.09606912,1.6556826,-2.1856086,0.6556826,0.34773165,35.145786,1.0,-35.145786,1.0,0.3114288,0.0,-26.546387,-82.555405,1.8479106,-26.163036,-82.36648,0.15984699,0.0035321560859680177,2196.6325385570526,620000
1.6632864,-2.210955,0.66328645,0.37307787,33.951763,1.0,-33.951763,1.0,0.16389467,0.0,-25.509357,-81.00411,8.313286,-9.888767,87.92828,0.7167603,-25.103127,-80.789566,0.07984182,1.6633403,-2.2111382,0.6633415,0.37326115,35.352173,0.99999875,-35.352127,1.0,0.17743711,0.0,-26.419437,-79.02264,0.77627665,-26.037401,-78.615166,0.0835046,0.0035328829288482667,2214.2969546318054,625000
1.6571211,-2.1904035,0.65712106,0.35252622,36.15242,1.0,-36.15242,1.0,0.17122978,0.0,-27.145866,-80.64298,5.927928,-6.0107565,63.592148,0.72759116,-26.76078,-80.34175,0.077971354,1.6607689,-2.202563,0.66076887,0.3646859,35.80318,1.0,-35.80318,1.0,0.14339519,0.0,-26.694263,-80.19122,0.5165509,-26.328608,-80.337204,0.0776687,0.003533636665344238,2231.9651391506195,630000
1.6641729,-2.2139096,0.6641729,0.37603256,34.309303,1.0,-34.309303,1.0,0.13746527,0.0,-27.15725,-79.20017,1.995422,-5.7754054,40.089317,0.7261849,-26.79865,-78.73524,0.06903721,1.6589191,-2.1964235,0.658927,0.35854632,35.205883,0.9999921,-35.205605,1.0,0.14096862,0.0,-27.219244,-80.78405,0.5151732,-26.815105,-80.477684,0.07291461,0.0035327530860900878,2249.628906726837,635000
1.656692,-2.188989,0.65669674,0.351112,35.22594,0.99999535,-35.225777,1.0,0.17052174,0.0,-27.44028,-82.71,4.099575,-4.408863,52.507076,1.529349,-27.023966,-82.67209,0.07899958,1.6664238,-2.2214127,0.6664238,0.38353544,35.651695,0.99999994,-35.651695,1.0,0.18156257,0.0,-27.514359,-84.058464,0.72186583,-27.164318,-83.701126,0.08566895,0.003533019018173218,2267.294003009796,640000
1.6633034,-2.2111213,0.6633364,0.3732442,35.905613,0.9999669,-35.904427,1.0,0.24313724,0.0,-26.948479,-80.51152,32.78578,-30.915361,255.18785,1.4311053,-26.578033,-80.583405,0.0833576,1.6612675,-2.2042253,0.6612676,0.36634815,35.412266,1.0,-35.412266,1.0,0.12524033,0.0,-27.40041,-82.58039,1.0834284,-26.970581,-82.274124,0.09356813,0.0035332618713378905,2284.9603142738342,645000
1.662654,-2.2088466,0.66265404,0.37096974,34.765205,1.0,-34.765205,1.0,0.13216999,0.0,-27.741009,-81.193634,4.1309223,-2.396543,41.008698,0.5846504,-27.336285,-80.73604,0.07326983,1.6601026,-2.200342,0.6601026,0.36246493,34.959923,1.0,-34.959923,1.0,0.11747453,0.0,-27.380949,-83.65285,0.6620143,-26.995564,-83.55158,0.08932418,0.003533377981185913,2302.627205848694,650000
1.6571527,-2.1905088,0.65715265,0.35263172,34.488503,1.0,-34.488503,1.0,0.09485221,0.0,-28.289227,-80.43827,2.7668633,-2.9161694,34.600906,0.62073344,-27.927807,-80.23361,0.07732506,1.6638184,-2.212728,0.66381836,0.37485087,35.52292,1.0,-35.52292,1.0,0.1467008,0.0,-27.517723,-78.82066,0.5429537,-27.104073,-78.85818,0.08310443,0.0035310441970825197,2320.2824285030365,655000
1.654767,-2.1825564,0.65476704,0.34467947,35.393944,1.0,-35.393944,1.0,0.12861508,0.0,-28.643879,-81.320496,5.3202,-7.152568,62.261967,0.92388904,-28.279236,-81.08291,0.075904176,1.6633112,-2.2110436,0.66331315,0.37316665,34.6969,0.99999815,-34.696835,1.0,0.13852891,0.0,-27.034512,-80.69131,0.85524416,-26.661558,-80.551605,0.07945749,0.0035318478107452395,2337.9416687488556,660000
1.6593885,-2.1979618,0.65938854,0.36008477,34.700424,1.0,-34.700424,1.0,0.22014663,0.0,-28.072824,-80.41032,8.427974,-11.649396,103.84758,1.6638747,-27.66919,-80.2833,0.15330595,1.6570096,-2.190041,0.65701234,0.35216397,34.486237,0.9999973,-34.486145,1.0,0.25773066,0.0,-27.805645,-80.16667,1.3689163,-27.363226,-80.08543,0.11128899,0.003529192399978638,2355.5876319408417,665000
1.6604159,-2.201386,0.6604159,0.36350924,34.77945,1.0,-34.77945,1.0,0.17365076,0.0,-26.758343,-79.89,5.457663,-5.0703506,51.971024,0.49935976,-26.383785,-79.7083,0.07233004,1.661314,-2.20438,0.6613141,0.36650306,35.423874,1.0,-35.423874,1.0,0.20997086,0.0,-27.736809,-80.56874,0.601647,-27.377262,-80.25136,0.07239844,0.0035270195960998537,2373.222732067108,670000
1.6593667,-2.197889,0.6593667,0.360012,34.482315,1.0,-34.482315,1.0,0.12108063,0.0,-27.019527,-81.65082,4.6823597,-4.953472,49.77507,0.907509,-26.628912,-81.63768,0.07668545,1.6661353,-2.2204523,0.66613567,0.38257515,36.049377,0.9999996,-36.049362,1.0,0.15861253,0.0,-28.7005,-80.01799,0.6282601,-28.307728,-79.555244,0.079470985,0.003530445098876953,2390.8749594688416,675000
1.661526,-2.2050867,0.661526,0.3672097,35.16839,1.0,-35.16839,1.0,0.13735598,0.0,-27.127962,-77.455,3.5396767,-3.883993,46.258583,1.2847507,-26.744041,-77.31429,0.079344526,1.6608325,-2.202775,0.6608325,0.3648981,35.00721,1.0,-35.00721,1.0,0.17580539,0.0,-26.216915,-81.7865,1.0267804,-25.82336,-81.50073,0.084733404,0.0035296727657318115,2408.5233249664307,680000
1.6527884,-2.175961,0.6527884,0.33808416,35.616997,1.0,-35.616997,1.0,0.12043768,0.0,-27.202736,-83.096954,7.365301,-6.3239036,70.86329,1.0841025,-26.805046,-82.88584,0.08024606,1.6541095,-2.1803646,0.6541095,0.3424877,34.902287,1.0,-34.902287,1.0,0.19899306,0.0,-26.695513,-79.09582,0.919082,-26.302288,-78.96346,0.08297056,0.0035320446968078612,2426.1835501194,685000
1.6523335,-2.174481,0.65234435,0.33660394,33.834446,0.99998915,-33.83408,1.0,0.09863825,0.0,-28.135921,-80.58295,1.878873,-1.3554411,24.11319,0.72554326,-27.747202,-80.54254,0.069561146,1.6637068,-2.2123556,0.6637067,0.37447855,36.232475,1.0,-36.232475,1.0,0.10877984,0.0,-26.417778,-80.75152,0.85847944,-26.00788,-80.481026,0.09932028,0.003532439136505127,2443.845747947693,690000
1.6598617,-2.1995387,0.6598617,0.36166182,34.619713,1.0,-34.619713,1.0,0.16493511,0.0,-28.065693,-81.06022,4.8188047,-4.1887693,52.14555,0.72245634,-27.645077,-80.78028,0.078623,1.6632959,-2.2109861,0.66329587,0.3731091,35.3834,1.0,-35.3834,1.0,0.23934084,0.0,-27.36311,-80.814896,0.86380607,-26.95525,-80.73666,0.07848526,0.0035315148830413817,2461.5033237934113,695000
1.6567037,-2.189012,0.65670365,0.3511351,34.504333,1.0,-34.504333,1.0,0.22586831,0.0,-28.722136,-82.41541,4.9152317,-6.860382,70.21887,0.80934364,-28.323269,-82.26016,0.09775653,1.6635532,-2.2118478,0.6635543,0.3739706,37.00019,0.999999,-37.000153,1.0,0.20955905,0.0,-26.920155,-80.43803,0.90072924,-26.510918,-80.50159,0.08419162,0.0035312193870544436,2479.1594219207764,700000
1.6582174,-2.1940584,0.6582175,0.35618132,35.549576,1.0,-35.549576,1.0,0.14311196,0.0,-27.599197,-81.4217,10.808247,-8.579355,84.75157,0.8088689,-27.187233,-81.1967,0.085982665,1.6621797,-2.2072659,0.6621797,0.36938858,35.553276,1.0,-35.553276,1.0,0.13012199,0.0,-28.911709,-79.86432,0.74995744,-28.518524,-79.84887,0.081067815,0.0035602362155914306,2496.960604906082,705000
1.6567769,-2.1892567,0.65677696,0.3513795,35.179985,1.0,-35.179985,1.0,0.18143919,0.0,-26.533695,-78.82844,5.4023447,-6.9295254,49.44867,0.6790293,-26.134768,-78.60138,0.075980335,1.6583859,-2.1946194,0.6583859,0.35674226,35.23561,1.0,-35.23561,1.0,0.240127,0.0,-27.104189,-81.43034,0.72733474,-26.718105,-81.279816,0.073643185,0.0035297143459320068,2514.6091787815094,710000
1.6586041,-2.1953483,0.6586044,0.357471,35.150597,0.99999976,-35.15059,1.0,0.6482165,0.47598588,-28.674133,-79.73822,11.967892,-13.45331,129.28261,1.5041056,-28.189365,-79.6399,0.12651888,1.6587057,-2.195712,0.6587137,0.35783517,34.43932,0.999992,-34.439045,1.0,0.98256326,1.2055898,-26.907763,-80.55458,1.3654116,-26.405807,-80.194016,0.12327735,0.00353058443069458,2532.262102365494,715000
1.6565934,-2.1886475,0.6565943,0.35077047,35.1429,0.99999917,-35.142868,1.0,0.17940378,0.0,-27.3661,-81.99244,6.7749963,-5.4428954,60.36131,0.90231925,-26.977665,-81.92674,0.08368818,1.6614189,-2.20473,0.66141903,0.36685306,34.4279,0.99999994,-34.4279,1.0,0.11135274,0.0,-27.94947,-80.816025,0.9548235,-27.568583,-80.82363,0.07884651,0.0035303395748138428,2549.9138021469116,720000
1.6627984,-2.2093282,0.6627985,0.37145144,34.62954,0.99999994,-34.62954,1.0,0.13226117,0.0,-28.049778,-80.90706,3.0709164,-2.288663,33.223663,0.8169175,-27.655085,-80.574745,0.07514334,1.6587725,-2.195908,0.65877247,0.3580311,34.821877,1.0,-34.821877,1.0,0.12269454,0.0,-26.522226,-80.685104,0.75438076,-26.107895,-80.587006,0.07996033,0.0035294079303741454,2567.5608439445496,725000
1.664412,-2.214707,0.6644121,0.37682977,35.379562,1.0,-35.379562,1.0,0.29431808,0.0,-27.180485,-81.74028,12.729987,-13.960756,125.61983,1.0135081,-26.806767,-81.51698,0.07645537,1.6582409,-2.194139,0.6582417,0.35626182,36.24901,0.9999992,-36.24898,1.0,0.19515532,0.0,-28.074448,-78.55752,1.0766383,-27.6777,-78.58865,0.07067659,0.003531818437576294,2585.2199370861053,730000
1.6597071,-2.1990232,0.65970707,0.36114645,36.23774,0.99999994,-36.23774,1.0,0.22919688,0.0,-28.191174,-80.774666,7.291145,-6.2856445,77.10025,1.001899,-27.804398,-80.449715,0.0946859,1.663373,-2.211297,0.66338915,0.37342003,35.40383,0.99998385,-35.40326,1.0,0.23835965,0.0,-27.507057,-77.92941,0.837283,-27.120598,-77.615906,0.07984616,0.0035283523559570314,2602.8617005348206,735000
1.655678,-2.1855934,0.65567803,0.3477163,35.06002,1.0,-35.06002,1.0,0.101303816,0.0,-27.852962,-80.72925,2.5385904,-3.1424105,38.77167,0.6570761,-27.442123,-80.34412,0.07672699,1.659478,-2.1982598,0.6594779,0.3603826,34.939655,1.0,-34.939655,1.0,0.09907396,0.0,-26.537252,-82.47378,0.6127881,-26.142881,-82.20846,0.07638213,0.003528260850906372,2620.503006219864,740000
1.660664,-2.202213,0.66066396,0.36433604,36.11187,1.0,-36.11187,1.0,0.16668022,0.0,-26.695244,-79.7555,5.3747478,-4.7238936,61.23465,0.8117126,-26.297308,-79.3771,0.08484488,1.6597891,-2.199387,0.65981615,0.36151016,35.710503,0.9999729,-35.709534,1.0,0.14629927,0.0,-28.335049,-79.41251,0.8248695,-27.939846,-78.958176,0.07703522,0.0035276308536529542,2638.1411623954773,745000
1.6575878,-2.1919594,0.6575878,0.3540823,34.763756,1.0,-34.763756,1.0,0.23804119,0.0,-28.106333,-82.5888,7.485813,-8.230434,100.53026,0.7686236,-27.694447,-82.38053,0.09666747,1.6622971,-2.2077267,0.662318,0.36984968,36.30464,0.99997914,-36.303883,1.0,0.27977967,0.0,-28.006947,-80.91249,0.43216857,-27.647839,-80.69292,0.08683385,0.0035283352851867675,2655.7828407287598,750000
1.6619332,-2.2064438,0.6619332,0.36856678,35.00493,1.0,-35.00493,1.0,0.1866928,0.0,-28.17904,-80.73027,4.847801,-5.015287,59.281868,0.7617736,-27.788294,-80.21349,0.07641389,1.6634326,-2.2114425,0.6634327,0.37356544,34.676815,0.99999994,-34.676815,1.0,0.14736728,0.0,-28.024614,-80.66726,0.6573757,-27.61885,-80.672005,0.08503896,0.003528661584854126,2673.426150560379,755000
1.653693,-2.178977,0.65369314,0.34110004,34.90063,0.9999999,-34.900627,1.0,0.22659029,0.0,-27.444124,-80.85094,7.7133436,-6.8165326,72.563065,0.65187824,-27.076805,-80.77395,0.07943742,1.6641296,-2.2137651,0.6641296,0.37588826,34.94832,1.0,-34.94832,1.0,0.19126604,0.0,-27.507309,-78.11877,0.796355,-27.072273,-77.72268,0.087916866,0.003531088066101074,2691.081592321396,760000
1.657651,-2.1921701,0.65765107,0.35429323,34.752472,0.99999994,-34.752472,1.0,0.20060946,0.0,-27.620966,-78.12699,3.553368,-3.8670468,57.91704,0.80108875,-27.250721,-77.72709,0.07757616,1.663446,-2.2114863,0.66344595,0.37360936,34.563496,1.0,-34.563496,1.0,0.24893582,0.0,-26.690165,-79.28233,0.6811224,-26.301077,-79.31217,0.083355024,0.003527494525909424,2708.7190663814545,765000
1.6527345,-2.1757932,0.652738,0.3379161,35.806786,0.99999654,-35.806664,1.0,0.25063467,0.0,-27.194172,-80.805984,11.478304,-14.769075,122.455345,0.7329744,-26.781157,-80.69804,0.07839894,1.6676146,-2.2253819,0.6676146,0.38750473,34.347656,1.0,-34.347656,1.0,0.2487927,0.0,-27.38153,-80.84754,0.90302867,-27.009703,-80.51749,0.09284426,0.0035269611358642577,2726.3538732528687,770000
1.6627316,-2.2091055,0.66273165,0.37122846,35.052017,1.0,-35.052017,1.0,0.15948364,0.0,-28.267612,-82.88745,1.940046,-4.201542,35.05236,0.8040001,-27.841194,-82.69386,0.08649278,1.6583817,-2.1946054,0.65838164,0.3567284,36.364532,1.0,-36.364532,1.0,0.15724728,0.0,-28.569626,-83.70528,0.53674996,-28.146141,-83.5035,0.08463545,0.0035268516063690185,2743.9881324768066,775000
1.6623703,-2.207901,0.6623703,0.37002385,35.15756,1.0,-35.15756,1.0,0.17489836,0.0,-26.563663,-83.10463,3.2734616,-3.7097816,54.845295,0.5989056,-26.197794,-83.105354,0.071790874,1.6574972,-2.1916611,0.65749836,0.353784,35.459965,0.9999988,-35.459923,1.0,0.13840823,0.0,-26.58357,-78.371506,0.6146052,-26.18814,-78.17123,0.07369909,0.003526957321166992,2761.622921228409,780000
1.6569204,-2.1897383,0.6569216,0.35186142,35.19874,0.99999887,-35.1987,1.0,0.19021125,0.0,-28.409254,-80.21547,5.8946953,-5.852824,67.813194,0.7313184,-28.016346,-79.82652,0.08921833,1.6590521,-2.19684,0.65905213,0.35896316,37.039337,0.99999994,-37.039337,1.0,0.11010802,0.0,-26.851124,-80.998764,0.8121672,-26.497486,-80.79767,0.08685503,0.003523380422592163,2779.2398250102997,785000
1.6613853,-2.2046173,0.66138524,0.3667403,34.348156,1.0,-34.348156,1.0,0.16772495,0.0,-26.96869,-79.721954,3.0003994,-3.3203816,39.043247,1.4161865,-26.569075,-79.52316,0.078523025,1.6591913,-2.1973042,0.65919125,0.35942718,35.533745,1.0,-35.533745,1.0,0.1323556,0.0,-26.406527,-80.67028,0.9068582,-26.00784,-80.46712,0.087659195,0.0035255142211914063,2796.8673985004425,790000
1.6650329,-2.2167761,0.66503286,0.37889907,35.470802,1.0,-35.470802,1.0,0.13610798,0.0,-26.750427,-79.362206,2.7994356,-2.1928422,38.036095,0.89290166,-26.383854,-79.4528,0.071710795,1.6554916,-2.184978,0.6554934,0.34710094,34.744354,0.9999982,-34.744293,1.0,0.17254525,0.0,-27.535309,-82.065926,0.5999878,-27.12443,-81.690765,0.09463744,0.003526798725128174,2814.5013933181763,795000
1.6642377,-2.2141256,0.66423774,0.37624863,34.835567,1.0,-34.835567,1.0,0.11960567,0.0,-27.820803,-80.17245,4.212594,-4.9224124,53.573803,1.2180358,-27.424273,-79.97226,0.08034525,1.6580003,-2.1933396,0.6580019,0.3554626,34.397316,0.99999845,-34.397263,1.0,0.13598831,0.0,-28.532104,-77.979614,0.8919084,-28.126858,-77.702995,0.08830398,0.003525404167175293,2832.1284160614014,800000
